{
    "beta_sig": -272.52466195231375,
    "beta_pi": -264.53791999743805,
    "zeta_sig": 29.592676912778263,
    "zeta_pi": 19.186306654806387,
    "R_sig": 0.16610118529476225,
    "R_pi": 0.23336564098000667,
    "D_sig": 193.16696924380452,
    "D_pi": 1.0689924478693399e-05,
    "xi_param_1": 0.8629410860665,
    "xi_param_2": 0.42256125120198473,
    "k_cov": 11.327931333644447,
    "k_rep": 14.148650816451278,
    "zeta_cor": 0.5980846583998268
}