{
    "beta_sig": -149.0141131352449,
    "beta_pi": -0.0,
    "zeta_sig": 8.320648080183688,
    "zeta_pi": 99.99576939806174,
    "R_sig": 0.4384282382729434,
    "R_pi": 0.20341482579192416,
    "D_sig": 109.56509360939994,
    "D_pi": 0.0,
    "xi_param_1": 99.0006357789333,
    "xi_param_2": 99.67622765707551
}