{
    "beta_sig": -286.582232364529,
    "beta_pi": -375.37797328754436,
    "zeta_sig": 5.526015078488291,
    "zeta_pi": 3.099969947889609e-11,
    "R_sig": 1.0240854726666435,
    "R_pi": 1.5046363848018478,
    "D_sig": 227.74401424339888,
    "D_pi": 7.107284971946992,
    "xi_param_1": 1.8035505905043887,
    "xi_param_2": 42.647950604829234,
    "k_cov": 2.3060401318952373,
    "k_rep": 0.051070845947948355,
    "zeta_cor": 16.276909006664937
}