{
    "beta_sig": -221.47743884705557,
    "beta_pi": -0.0,
    "zeta_sig": 4.673091829298522,
    "zeta_pi": 9.944754687741836,
    "R_sig": 0.8483411138163074,
    "R_pi": 0.20344698713030884,
    "D_sig": 112.57902317880064,
    "D_pi": 0.0,
    "xi_param_1": 25.497055574522673,
    "xi_param_2": 38.69738743497394
}