{
    "beta_sig": -408.3943499583007,
    "beta_pi": -342.6404119643267,
    "zeta_sig": 12.56560239530426,
    "zeta_pi": 6.480517909405421,
    "R_sig": 0.00010191981549294888,
    "R_pi": 0.7197338648525111,
    "D_sig": 177.56895814520632,
    "D_pi": 359.3613238200646,
    "xi_param_1": 1.6233834078026377,
    "xi_param_2": 1.5108080120688783
}