{
    "beta_sig": -304.59619340819853,
    "beta_pi": -0.0,
    "zeta_sig": 5.488625630481279,
    "zeta_pi": 5.931686246377204,
    "R_sig": 0.6895924176261847,
    "R_pi": 0.01573064047672269,
    "D_sig": 125.99957527139443,
    "D_pi": 0.0,
    "xi_param_1": 9.894045509793335,
    "xi_param_2": 13.925275794211505
}