{
    "beta_sig": -366.10312543734267,
    "beta_pi": -276.9908675330614,
    "zeta_sig": 17.813607168861214,
    "zeta_pi": 4.662559701021377,
    "R_sig": 0.41171523066778154,
    "R_pi": 1.2263969989752417,
    "D_sig": 133.05843301159797,
    "D_pi": 37.2718139321136,
    "xi_param_1": 1.1618360354142316,
    "xi_param_2": 0.18098506044617282
}