{
    "beta_sig": -303.73309615493315,
    "beta_pi": -307.7568731397705,
    "zeta_sig": 9.818689868845354,
    "zeta_pi": 16.803310795462423,
    "R_sig": 0.6293238205174845,
    "R_pi": 1.069020974597249,
    "D_sig": 180.95688355540443,
    "D_pi": 253.13253087944219,
    "xi_param_1": 1.5956869853326117,
    "xi_param_2": 8.092555539673754,
    "k_cov": 1.0427413074500795,
    "k_rep": 0.018465494682956416,
    "zeta_cor": 0.7139436201316409
}