{
    "beta_sig": -39.86590923971835,
    "beta_pi": -73.99417585338352,
    "zeta_sig": 2.390617954176605,
    "zeta_pi": 8.46829594070249,
    "R_sig": 1.9333818274750734,
    "R_pi": 1.0200969943304194,
    "D_sig": 24.354282847800516,
    "D_pi": 200.42444051086113,
    "xi_param_1": 0.37610034884073684,
    "xi_param_2": 0.8589759373676316,
    "k_cov": 0.9405868493909659,
    "k_rep": 4.881057066677158,
    "zeta_cor": 3.760251611378135
}