{
    "beta_sig": -282.5887385190502,
    "beta_pi": -269.8699258744856,
    "zeta_sig": 7.359599853859313,
    "zeta_pi": 11.086073032818234,
    "R_sig": 0.9724674969445894,
    "R_pi": 0.0019210657995585515,
    "D_sig": 60.473746935803064,
    "D_pi": 1.9367217109127117,
    "xi_param_1": 1.7772685774561092,
    "xi_param_2": 4.664570252073565
}