{
    "beta_sig": -144.65043656700357,
    "beta_pi": -0.0,
    "zeta_sig": 5.064313656484342,
    "zeta_pi": 16.92819971503024,
    "R_sig": 0.8397129884991535,
    "R_pi": 0.8578445837401247,
    "D_sig": 97.56334117459909,
    "D_pi": 0.0,
    "xi_param_1": 1.6987678793575778,
    "xi_param_2": 5.3060025384503
}