{
    "beta_sig": -157.77141432189046,
    "beta_pi": -8.64895514369681,
    "zeta_sig": 9.148153089330243,
    "zeta_pi": 10.403027628875464,
    "R_sig": 1.117319113658617,
    "R_pi": 1.1736560641258933,
    "D_sig": 38.287510446998496,
    "D_pi": 21.900727765938925,
    "xi_param_1": 99.79295273113422,
    "xi_param_2": 99.2130210820475
}