{
    "beta_sig": -355.5841764220171,
    "beta_pi": -0.0,
    "zeta_sig": 8.67315002545575,
    "zeta_pi": 99.01621601221068,
    "R_sig": 0.6310458806083987,
    "R_pi": 0.34947161456616416,
    "D_sig": 141.9169888581978,
    "D_pi": 0.0,
    "xi_param_1": 1.9121625963518785,
    "xi_param_2": 2.7848228254342224
}