{
    "beta_sig": -238.53830072739584,
    "beta_pi": -232.33680327839465,
    "zeta_sig": 6.8350989631017,
    "zeta_pi": 6.834251047239377,
    "R_sig": 1.5869445822900161,
    "R_pi": 1.3926439680963085,
    "D_sig": 58.32515338060034,
    "D_pi": 48.61649102369938,
    "xi_param_1": 12.966792245897523,
    "xi_param_2": 12.902162747909642
}