{
    "beta_sig": -265.42339998275133,
    "beta_pi": -307.82334635106616,
    "zeta_sig": 19.99906195085431,
    "zeta_pi": 1.5677646809350196,
    "R_sig": 1.0163667077698042,
    "R_pi": 1.2641343398220912,
    "D_sig": 151.88498203120443,
    "D_pi": 0.05998468925304842,
    "xi_param_1": 34.10639949454875,
    "xi_param_2": 4.979073939919148,
    "k_cov": 4.2355398445859635e-06,
    "k_rep": 9.26611763131632,
    "zeta_cor": 39.46908163662809
}