{
    "beta_sig": -81.98394173548807,
    "beta_pi": -0.0,
    "zeta_sig": 4.733877347906855,
    "zeta_pi": 99.73460154262565,
    "R_sig": 1.0311650716545158,
    "R_pi": 0.9533556385801046,
    "D_sig": 58.08356210760006,
    "D_pi": 0.0,
    "xi_param_1": 1.791357120867724,
    "xi_param_2": 4.865066348972502
}