{
    "beta_sig": -313.1381502365114,
    "beta_pi": -546.6261315200551,
    "zeta_sig": 2.1157744491286103,
    "zeta_pi": 1.5924573251990708,
    "R_sig": 0.7499152807719447,
    "R_pi": 1.7543686958282763,
    "D_sig": 120.03697715180425,
    "D_pi": 0.012719425285336787,
    "xi_param_1": 0.7258664637120116,
    "xi_param_2": 3.00548396129986,
    "k_cov": 1.1899835274188455,
    "k_rep": 4.973328458032208e-05,
    "zeta_cor": 34.68759059108415
}