{
    "beta_sig": -94.73725697388453,
    "beta_pi": -163.53943278236417,
    "zeta_sig": 1.2764058460845462,
    "zeta_pi": 16.708759795255435,
    "R_sig": 1.7991015578892569,
    "R_pi": 1.4783574024842372,
    "D_sig": 43.86921011799897,
    "D_pi": 236.3423277464294,
    "xi_param_1": 1.7333289487184045,
    "xi_param_2": 4.049987774032563
}