{
    "beta_sig": -169.55682675451095,
    "beta_pi": -0.0,
    "zeta_sig": 6.495598003191745,
    "zeta_pi": 0.10825251790437451,
    "R_sig": 0.7766674797787672,
    "R_pi": 0.7694677203362517,
    "D_sig": 111.29702065739818,
    "D_pi": 0.0,
    "xi_param_1": 1.9437186592919886,
    "xi_param_2": 2.247198353937847
}