{
    "beta_sig": -114.71294012941729,
    "beta_pi": -202.37236197122883,
    "zeta_sig": 3.7190462619013998,
    "zeta_pi": 19.99992085228856,
    "R_sig": 1.4185024818935617,
    "R_pi": 1.8484280334893468,
    "D_sig": 75.2277573533987,
    "D_pi": 248.66610375686923,
    "xi_param_1": 3.269940755216292,
    "xi_param_2": 0.8272657001760054
}