{
    "beta_sig": -255.84440592399483,
    "beta_pi": -250.8250551610172,
    "zeta_sig": 5.856169063613274,
    "zeta_pi": 5.856466188845726,
    "R_sig": 0.9712819579853738,
    "R_pi": 1.200076011113604,
    "D_sig": 237.1447385571936,
    "D_pi": 87.80555538171531,
    "xi_param_1": 1.1684321408856062,
    "xi_param_2": 1.9190441864081427,
    "k_cov": 1.9028394334889889,
    "k_rep": 18.247759689104633,
    "zeta_cor": 2.557413438270889
}