{
    "beta_sig": -337.54604070319874,
    "beta_pi": -124.9725906377924,
    "zeta_sig": 17.108457378189087,
    "zeta_pi": 2.754288919566199,
    "R_sig": 0.017082446551634888,
    "R_pi": 0.853147950305754,
    "D_sig": 69.93596720999754,
    "D_pi": 273.13211025941655,
    "xi_param_1": 4.007437874215611,
    "xi_param_2": 6.270106516086804
}