{
    "beta_sig": -210.12766163199845,
    "beta_pi": -134.4050763123384,
    "zeta_sig": 11.688954256460745,
    "zeta_pi": 11.684989520846921,
    "R_sig": 1.216421564570632,
    "R_pi": 0.9241801846080342,
    "D_sig": 110.72222168060193,
    "D_pi": 126.6076991322607,
    "xi_param_1": 1.2066006592181966,
    "xi_param_2": 1.217134572011188
}