{
    "beta_sig": -261.57359450790864,
    "beta_pi": -261.57359450790864,
    "zeta_sig": 2.9717418846764687,
    "zeta_pi": 4.256250498166082,
    "R_sig": 1.0002566227322767,
    "R_pi": 1.191649973411586,
    "D_sig": 139.57700481399286,
    "D_pi": 9.46736825220637,
    "xi_param_1": 0.4085130262938037,
    "xi_param_2": 0.19921022807011468
}