{
    "beta_sig": -153.35557520092468,
    "beta_pi": -163.30068571138773,
    "zeta_sig": 85.75477341248188,
    "zeta_pi": 47.57333622590796,
    "R_sig": 0.4840503054438159,
    "R_pi": 1.4680343727095533,
    "D_sig": 92.82689720419856,
    "D_pi": 318.6825266806409,
    "xi_param_1": 9.515112882766726,
    "xi_param_2": 9.703139995690435
}