{
    "beta_sig": -211.3845321688565,
    "beta_pi": -164.21240716702562,
    "zeta_sig": 8.560262356475441,
    "zeta_pi": 8.56029417819638,
    "R_sig": 0.9885362331558412,
    "R_pi": 1.1031520358287734,
    "D_sig": 186.5254055205969,
    "D_pi": 36.478124762841134,
    "xi_param_1": 0.36151759152486407,
    "xi_param_2": 0.2581036760030343
}